repurpose_yield,discovery_quality,alignment_density,label_shift,feature_overlap,pas_score,spa_score,cslp_score,lcc_score,pas_loose_score,pca_pas_score,zscore_copas_score,npas_score,tsc_score,source_consistency,top1_score,overall,n_sources,n_lake_tables,mode
0.2808769948684227,0.4641486192609498,0.26190476190476186,0.851131465172026,0.6731775973053356,1.0950982253619263e-17,0.436500712629446,0.5,0.5,0.5,0.5,0.5206733281494733,1.5666439491781774e-16,0.5438309305737808,0.8955882302993707,0.6467192152486655,1.0950982253619263e-17,37,421179,true
