repurpose_yield,discovery_quality,alignment_density,label_shift,feature_overlap,pas_score,spa_score,cslp_score,lcc_score,pas_loose_score,pca_pas_score,source_consistency,top1_score,overall,n_sources,n_lake_tables,mode
0.41820535324206864,1.000000238418579,0.10238095238095238,0.7757560032383054,0.42166361449106826,0.08169360286084332,0.5024049091518286,0.21826207130406283,0.7066918555726994,0.07250033321419627,0.15659816841318216,1.0,1.000000238418579,0.4552788135695363,224,421179,fast
