repurpose_yield,discovery_quality,alignment_density,label_shift,feature_overlap,pas_score,spa_score,cslp_score,lcc_score,pas_loose_score,pca_pas_score,source_consistency,top1_score,overall,n_sources,n_lake_tables,mode,zscore_copas_score,npas_score,tsc_score
0.4673133621585705,0.3774798734717428,0.5549999999999999,0.846040422363237,0.2760958562090008,0.0099976562312943,0.3929571645842044,0.5,0.5,0.5,0.5,0.9758341073683956,0.4297881087759088,0.0099976562312943,424,421179,True,0.43202150149105617,0.0045536582901979875,0.480238394559205
