repurpose_yield,discovery_quality,alignment_density,label_shift,feature_overlap,pas_score,spa_score,cslp_score,lcc_score,pas_loose_score,pca_pas_score,source_consistency,top1_score,overall,n_sources,n_lake_tables,mode
0.4673133621585705,0.3774798734717428,0.5549999999999999,0.846040422363237,0.27609585620900085,0.009997656231294342,0.3929571645842044,0.5,0.5,0.5,0.5,0.9758341073683955,0.4297881087759088,0.009997656231294342,424,421179,true
