repurpose_yield,discovery_quality,alignment_density,label_shift,feature_overlap,pas_score,spa_score,cslp_score,lcc_score,pas_loose_score,pca_pas_score,source_consistency,top1_score,overall,n_sources,n_lake_tables,mode
0.528688181842643,0.40781471902879285,0.375,0.5223933480566112,0.35431937283102266,2.8844148183220024e-08,0.7090421128420322,0.5,0.5,0.5,0.5,0.9507412028624563,0.513405882767517,2.8844148183220024e-08,940,421179,true
