repurpose_yield,discovery_quality,alignment_density,label_shift,feature_overlap,pas_score,spa_score,cslp_score,lcc_score,pas_loose_score,pca_pas_score,source_consistency,top1_score,overall,n_sources,n_lake_tables,mode,zscore_copas_score,npas_score,tsc_score
0.2939322599263076,0.2787005576981815,0.2478632478632479,0.6548704759918046,0.8561959139854948,0.003762312603698,0.820362147323759,0.5,0.5,0.5,0.5,0.9864504401009084,0.2882501080807971,0.003762312603698,44,421179,True,0.21179478726713966,0.0004282556873180842,0.37936632597136943
