feature,mean_abs_shap
skin,2.4247468
plas,0.5404842
insu,0.42028883
pres,0.35726535
age,0.28747687
mass,0.26246312
pedi,0.09773423
preg,0.044233184
