level,accuracy,f1,auc
baseline_a,0.6496350364963503,0.0,0.5
baseline_b,0.26277372262773724,0.4161849710982659,0.3284176029962547
oracle,0.9562043795620438,0.9387755102040817,0.9859550561797754
