level,accuracy,f1,auc
baseline_a,0.35036496350364965,0.518918918918919,0.5
baseline_b,0.7226277372262774,0.3870967741935484,0.3284176029962547
oracle,0.9416058394160584,0.9166666666666666,0.9859550561797754
