repurpose_yield,discovery_quality,alignment_density,label_shift,feature_overlap,pas_score,spa_score,cslp_score,lcc_score,pas_loose_score,pca_pas_score,zscore_copas_score,npas_score,tsc_score,source_consistency,top1_score,overall,n_sources,n_lake_tables,mode
0.3393183332210934,0.288096919912517,0.20833333333333334,0.9940216874062001,0.7244149619343413,0.0008788223635831805,0.5155326804064903,0.5,0.5,0.5,0.5,0.9370665606061266,0.0,0.6992481203007519,0.9460178612508858,0.3436552453122021,0.0008788223635831805,80,421179,true
