repurpose_yield,discovery_quality,alignment_density,label_shift,feature_overlap,pas_score,spa_score,cslp_score,lcc_score,pas_loose_score,pca_pas_score,source_consistency,top1_score,overall,n_sources,n_lake_tables,mode
0.6083134526193943,1.0000001817941666,0.11666666666666667,0.9181879178661916,0.6197005035780546,0.3567236030803348,0.6512475872445205,0.09893731366734082,0.6245303345536913,0.3567236030803348,0.28866228942639666,0.9999999740189377,1.000000238418579,0.6363446255525048,2638,421179,fast
