repurpose_yield,discovery_quality,alignment_density,label_shift,feature_overlap,pas_score,spa_score,cslp_score,lcc_score,pas_loose_score,pca_pas_score,source_consistency,top1_score,overall,n_sources,n_lake_tables,mode
0.15025386917343356,0.3945201943256653,0.5512820512820512,0.9151010101010102,0.46607744107744115,0.10990184222664987,0.381304974842372,0.5,0.5,0.5,0.5,0.8657588874273661,0.44214518475164155,0.10990184222664987,6,421179,true
