repurpose_yield,discovery_quality,alignment_density,label_shift,feature_overlap,pas_score,spa_score,cslp_score,lcc_score,pas_loose_score,pca_pas_score,zscore_copas_score,npas_score,tsc_score,source_consistency,top1_score,overall,n_sources,n_lake_tables,mode
0.12427309331576097,0.3207975406416982,0.7435897435897436,0.8601010101010101,0.6557355160803436,0.2074622139041244,0.5576914961464972,0.5,0.5,0.5,0.5,0.3174429709495719,2.520771852096595e-16,0.49455077683193716,0.8757434976201319,0.3818526595582359,0.2074622139041244,4,421179,true
