repurpose_yield,discovery_quality,alignment_density,label_shift,feature_overlap,pas_score,spa_score,cslp_score,lcc_score,pas_loose_score,pca_pas_score,source_consistency,top1_score,overall,n_sources,n_lake_tables,mode
0.15025386917343356,0.8107421904802322,0.15384615384615385,0.7551010101010102,0.6127946127946128,0.5,1.0,0.23456790123456783,0.41666666666666663,0.001002264113211525,0.06641909769591178,0.9001405984193677,0.9075382351875305,0.7551440329218106,6,421179,fast
