level,accuracy,f1,auc
baseline_a,0.7606715119254785,0.0,0.5
baseline_b,0.7606715119254785,0.0,0.6397028884730107
oracle,0.8724536800081891,0.7016283524904214,0.9268465203510737
