level,accuracy,f1,auc
baseline_a,0.5764411027568922,0.0,0.5
baseline_b,0.5764411027568922,0.0,0.5197067146899923
oracle,0.8220551378446115,0.7880597014925373,0.9148958065346025
