level,accuracy,f1,auc
baseline_a,0.42355889724310775,0.5950704225352113,0.5
baseline_b,0.5588972431077694,0.47928994082840237,0.5197067146899923
oracle,0.8245614035087719,0.7928994082840237,0.9148958065346025
