repurpose_yield,discovery_quality,alignment_density,label_shift,feature_overlap,pas_score,source_consistency,top1_score,overall,n_sources,n_lake_tables,mode
0.36570657817369606,1.000000062584877,0.005929487179487181,0.9552651972683371,0.03378446115288221,0.5,0.9999999740189377,1.0000001192092896,0.472137157271856,113,421179,fast
