repurpose_yield,discovery_quality,alignment_density,label_shift,feature_overlap,pas_score,spa_score,cslp_score,lcc_score,pas_loose_score,pca_pas_score,source_consistency,top1_score,overall,n_sources,n_lake_tables,mode,zscore_copas_score,npas_score,tsc_score
0.3050961304931295,0.3259043896723673,0.2338235294117646,0.9245145260939642,0.1385784805774146,1.1625220519087789e-17,0.7745964263448766,0.5,0.5,0.5,0.5,0.991391374791646,0.3437174095707552,1.1625220519087789e-17,51,421179,True,0.19225992599721484,1.624983768989707e-16,0.7262606689712942
