repurpose_yield,discovery_quality,alignment_density,label_shift,feature_overlap,pas_score,spa_score,cslp_score,lcc_score,pas_loose_score,pca_pas_score,zscore_copas_score,npas_score,tsc_score,source_consistency,top1_score,overall,n_sources,n_lake_tables,mode
0.13835109139563886,0.29621611581014096,0.35555555555555557,0.5891990588301247,0.8867933431422647,5.301919872672909e-19,0.3495553646292303,0.5,0.5,0.5,0.5,0.6078550155145453,8.90427037976602e-19,0.4397225793946254,0.9850659715246048,0.30842073001222786,5.301919872672909e-19,5,421179,true
